variable,chi_sq,cramers_v
Contract,1184.5965720837926,0.4101156965761409
OnlineSecurity,849.9989679615962,0.3474004326740551
TechSupport,828.1970684587393,0.3429161982469257
InternetService,732.309589667794,0.32245455521230887
PaymentMethod,648.1423274814001,0.3033586255540706
OnlineBackup,601.8127901134089,0.2923155121954445
DeviceProtection,558.419369407389,0.281579732968073
StreamingMovies,375.66147934526555,0.230950809069268
StreamingTV,374.20394331098134,0.23050233844668092
PaperlessBilling,259.1609742710177,0.1918253316664679
Dependents,189.94033391334852,0.16422140157972526
SeniorCitizen,160.35213184520632,0.1508893281764731
Partner,159.41452843242655,0.15044754495917653
MultipleLines,11.33044148319756,0.04010925283378871
PhoneService,1.0044084772333213,0.011941980029003072
gender,0.522366503358827,0.008612095078997826
