variable,level,customers,churned,share,churn_rate
gender,Female,3488,939,0.495243504188556,0.26920871559633025
gender,Male,3555,930,0.504756495811444,0.2616033755274262
SeniorCitizen,No,5901,1393,0.8378531875621185,0.23606168446026096
SeniorCitizen,Yes,1142,476,0.1621468124378816,0.4168126094570928
Partner,No,3641,1200,0.5169672014766434,0.32957978577313923
Partner,Yes,3402,669,0.4830327985233565,0.1966490299823633
Dependents,No,4933,1543,0.7004117563538265,0.3127914048246503
Dependents,Yes,2110,326,0.2995882436461735,0.15450236966824646
PhoneService,No,682,170,0.09683373562402385,0.24926686217008798
PhoneService,Yes,6361,1699,0.9031662643759761,0.2670963684955196
MultipleLines,No,3390,849,0.48132897912821243,0.2504424778761062
MultipleLines,Yes,2971,850,0.42183728524776376,0.286098956580276
MultipleLines,No phone service,682,170,0.09683373562402385,0.24926686217008798
InternetService,DSL,2421,459,0.34374556297032516,0.1895910780669145
InternetService,Fiber optic,3096,1297,0.4395854039471816,0.4189276485788114
InternetService,No,1526,113,0.21666903308249325,0.07404980340760157
OnlineSecurity,No,3498,1461,0.4966633536845094,0.4176672384219554
OnlineSecurity,Yes,2019,295,0.2866676132329973,0.14611193660227836
OnlineSecurity,No internet service,1526,113,0.21666903308249325,0.07404980340760157
OnlineBackup,No,3088,1233,0.43844952435041884,0.39928756476683935
OnlineBackup,Yes,2429,523,0.3448814425670879,0.21531494442157267
OnlineBackup,No internet service,1526,113,0.21666903308249325,0.07404980340760157
DeviceProtection,No,3095,1211,0.43944341899758627,0.3912762520193861
DeviceProtection,Yes,2422,545,0.3438875479199205,0.2250206440957886
DeviceProtection,No internet service,1526,113,0.21666903308249325,0.07404980340760157
TechSupport,No,3473,1446,0.4931137299446259,0.4163547365390153
TechSupport,Yes,2044,310,0.2902172369728809,0.15166340508806261
TechSupport,No internet service,1526,113,0.21666903308249325,0.07404980340760157
StreamingTV,No,2810,942,0.3989777083629135,0.33523131672597867
StreamingTV,Yes,2707,814,0.38435325855459324,0.30070188400443293
StreamingTV,No internet service,1526,113,0.21666903308249325,0.07404980340760157
StreamingMovies,No,2785,938,0.39542808462303,0.33680430879712747
StreamingMovies,Yes,2732,818,0.3879028822944768,0.29941434846266474
StreamingMovies,No internet service,1526,113,0.21666903308249325,0.07404980340760157
Contract,Month-to-month,3875,1655,0.5501916796819537,0.4270967741935484
Contract,One year,1473,166,0.20914383075394008,0.11269517990495587
Contract,Two year,1695,48,0.24066448956410622,0.02831858407079646
PaperlessBilling,No,2872,469,0.4077807752378248,0.1633008356545961
PaperlessBilling,Yes,4171,1400,0.5922192247621753,0.33565092304003835
PaymentMethod,Bank transfer (automatic),1544,258,0.21922476217520942,0.16709844559585493
PaymentMethod,Credit card (automatic),1522,232,0.2161010932841119,0.15243101182654403
PaymentMethod,Electronic check,2365,1071,0.3357944057929859,0.4528541226215645
PaymentMethod,Mailed check,1612,308,0.22887973874769274,0.19106699751861042
