variable,n_labels,labels
gender,2,Female | Male
Partner,2,No | Yes
Dependents,2,No | Yes
PhoneService,2,No | Yes
MultipleLines,3,No | No phone service | Yes
InternetService,3,DSL | Fiber optic | No
OnlineSecurity,3,No | No internet service | Yes
OnlineBackup,3,No | No internet service | Yes
DeviceProtection,3,No | No internet service | Yes
TechSupport,3,No | No internet service | Yes
StreamingTV,3,No | No internet service | Yes
StreamingMovies,3,No | No internet service | Yes
Contract,3,Month-to-month | One year | Two year
PaperlessBilling,2,No | Yes
PaymentMethod,4,Bank transfer (automatic) | Credit card (automatic) | Electronic check | Mailed check
Churn,2,No | Yes
