Contract,tenure_bin,bin_mid,customers,churn_rate
Month-to-month,"[0,6]",3,1413,0.5520169851380042
Month-to-month,"(6,12]",9,581,0.4199655765920826
Month-to-month,"(12,18]",15,418,0.4090909090909091
Month-to-month,"(18,24]",21,319,0.335423197492163
Month-to-month,"(24,30]",27,264,0.32575757575757575
Month-to-month,"(30,36]",33,222,0.32432432432432434
Month-to-month,"(36,42]",39,177,0.3672316384180791
Month-to-month,"(42,48]",45,139,0.2949640287769784
Month-to-month,"(48,54]",51,123,0.3252032520325203
Month-to-month,"(54,60]",57,111,0.22522522522522523
Month-to-month,"(60,66]",63,73,0.2054794520547945
Month-to-month,"(66,72]",69,35,0.2571428571428571
One year,"[0,6]",3,39,0.10256410256410256
One year,"(6,12]",9,85,0.10588235294117647
One year,"(12,18]",15,90,0.06666666666666667
One year,"(18,24]",21,107,0.09345794392523364
One year,"(24,30]",27,127,0.05511811023622047
One year,"(30,36]",33,123,0.10569105691056911
One year,"(36,42]",39,132,0.12878787878787878
One year,"(42,48]",45,136,0.1323529411764706
One year,"(48,54]",51,174,0.13218390804597702
One year,"(54,60]",57,147,0.14285714285714285
One year,"(60,66]",63,159,0.11320754716981132
One year,"(66,72]",69,154,0.12987012987012986
Two year,"[0,6]",3,29,0
Two year,"(6,12]",9,39,0
Two year,"(12,18]",15,40,0
Two year,"(18,24]",21,50,0
Two year,"(24,30]",27,40,0.025
Two year,"(30,36]",33,56,0.017857142857142856
Two year,"(36,42]",39,70,0.014285714285714285
Two year,"(42,48]",45,108,0.027777777777777776
Two year,"(48,54]",51,123,0.04065040650406504
Two year,"(54,60]",57,154,0.03896103896103896
Two year,"(60,66]",63,231,0.04329004329004329
Two year,"(66,72]",69,755,0.02781456953642384
