model,decile,mean_predicted,observed_rate,n
Logistic regression,1,0.008586417814267212,0.014184397163120567,141
Logistic regression,2,0.022246574990107824,0.03546099290780142,141
Logistic regression,3,0.048676793051157706,0.03546099290780142,141
Logistic regression,4,0.0963707727721481,0.07801418439716312,141
Logistic regression,5,0.16297950897911956,0.16312056737588654,141
Logistic regression,6,0.24510194172453437,0.14184397163120568,141
Logistic regression,7,0.3546404185407009,0.3900709219858156,141
Logistic regression,8,0.48033282203100125,0.38571428571428573,140
Logistic regression,9,0.6092796747936824,0.6785714285714286,140
Logistic regression,10,0.7465356283480015,0.7357142857142858,140
Random forest,1,0.012676539653129412,0.0070921985815602835,141
Random forest,2,0.03445223432319488,0.02127659574468085,141
Random forest,3,0.07651346539343268,0.06382978723404255,141
Random forest,4,0.12130740361469448,0.07801418439716312,141
Random forest,5,0.17605805115270018,0.12056737588652482,141
Random forest,6,0.2504491977591409,0.22695035460992907,141
Random forest,7,0.3403543880223949,0.3120567375886525,141
Random forest,8,0.45184157142938564,0.4714285714285714,140
Random forest,9,0.5808911728337306,0.5571428571428572,140
Random forest,10,0.7485638621575649,0.8,140
