term,estimate,std.error,statistic,p.value,conf.low,conf.high
InternetServiceFiber optic,2.350670279410231,0.1025182032156614,8.33706098974479,7.61597843392195e-17,1.9246759881722928,2.8769787965869864
PaperlessBillingYes,1.414844214063367,0.08305884093560127,4.177995082244763,2.940900123797054e-5,1.2025750231944423,1.6655028176743456
PaymentMethodElectronic check,1.3721818666003434,0.10589363997421959,2.987923320296947,0.0028088001533662058,1.1157147900808577,1.690033695332809
StreamingMoviesYes,1.3149209307768261,0.08982317756078738,3.0479497894607976,0.002304084223959003,1.102910432178373,1.5685255165283485
StreamingTVYes,1.300737825725008,0.08932933126970799,2.9433967318457936,0.003246321078466182,1.0920449249213282,1.550068807968739
MultipleLinesYes,1.2954100354345,0.08744538150036042,2.959873583637881,0.003077653027996573,1.0914788308739651,1.537841991125775
SeniorCitizenYes,1.282706968660768,0.09551891149243323,2.6065274428408065,0.009146549418710986,1.0635835934675706,1.5467649645010062
DeviceProtectionYes,1.0448084424260702,0.08749829418972672,0.5009647369290579,0.6163959405232804,0.8802488818902602,1.2405055558176716
PartnerYes,0.9974054725396736,0.0872199173587291,-0.02978561730475897,0.976238029406543,0.8407393024227187,1.183528110277924
PaymentMethodCredit card (automatic),0.9910731712232502,0.126259973780014,-0.07101943208496118,0.943382289972387,0.7736516135441254,1.269356640897489
PaymentMethodMailed check,0.9877653200907578,0.12617575134369036,-0.09756343505364311,0.9222789605405163,0.7716803416243497,1.2656401668267345
tenure,0.9657717746893569,0.0026259864390624763,-13.262723009698044,3.808128264570178e-40,0.960779782642965,0.9707230555692418
genderMale,0.9537802280306515,0.07237432994342359,-0.653850654651452,0.5132080278893776,0.8276089688403695,1.0991503035202599
OnlineBackupYes,0.8959891120389921,0.08475229803256204,-1.2958588778447053,0.19502410892569907,0.758871445238909,1.0579979964579886
DependentsYes,0.8173667760343504,0.10030061915936668,-2.0106292092389904,0.04436463642290884,0.6710224098603488,0.99436075728563
OnlineSecurityYes,0.707619053172247,0.09437873281403766,-3.6644843628865127,2.4783738022550873e-4,0.5876977737059939,0.8509139747385762
TechSupportYes,0.6580308244317062,0.0950593423761569,-4.402549950925413,1.0698594736838103e-5,0.5457632041461867,0.7923024486485876
PhoneServiceYes,0.650662869621323,0.14282636368210821,-3.0089937546385856,0.0026211450396541203,0.492177787506585,0.8617635055164605
ContractOne year,0.5562427626727147,0.116197242269082,-5.047886206743971,4.4672507862547937e-7,0.4420698174991143,0.6972862894675502
InternetServiceNo,0.46368831242860203,0.1517830611293586,-5.063428601398355,4.1178264601178796e-7,0.34354476394621075,0.623092670808048
ContractTwo year,0.24916643681413056,0.19857071359776585,-6.99818296310217,2.593033331155302e-12,0.16659539561247427,0.3635306129966939
