feature,importance
tenure,0.029974806409251032
TotalCharges,0.022112912384866817
InternetServiceFiber optic,0.021122666680698777
MonthlyCharges,0.016998780334698194
ContractTwo year,0.012655155164358138
InternetServiceNo,0.007497247036310387
ContractOne year,0.006374792512729847
TechSupportYes,0.0029113298706449253
PaymentMethodElectronic check,0.002775159579533554
OnlineSecurityYes,0.002288650473714583
PaperlessBillingYes,0.0018859711123737713
StreamingMoviesYes,0.001721343335724815
StreamingTVYes,0.0015082115265704645
MultipleLinesYes,0.0014258889823587433
SeniorCitizenYes,0.0011751398925637624
OnlineBackupYes,7.996628766307679e-4
DependentsYes,6.72175387558108e-4
DeviceProtectionYes,6.190965015324789e-4
PhoneServiceYes,4.5933357923025884e-4
PaymentMethodMailed check,3.974056598206819e-4
PartnerYes,3.6124523039515256e-4
PaymentMethodCredit card (automatic),1.868687336298116e-4
genderMale,-5.453988213089067e-6
