threshold,precision,recall,specificity,f1,flagged_share,model
0.05,0.35076775431861806,0.9772727272727273,0.3463768115942029,0.5162429378531074,0.7395315826827538,Logistic regression
0.060000000000000005,0.36157488163468726,0.9699197860962567,0.38115942028985506,0.5267743692140134,0.7120298083747338,Logistic regression
0.07,0.37004632012352034,0.9612299465240641,0.40869565217391307,0.5343738387216648,0.6894960965223563,Logistic regression
0.08,0.3798140770252324,0.9558823529411765,0.4359903381642512,0.5436228853830071,0.6680269694819021,Logistic regression
0.09,0.39055204614117,0.9505347593582888,0.46400966183574877,0.5536305236519369,0.6460255500354861,Logistic regression
0.1,0.3984750070601525,0.9431818181818182,0.4855072463768116,0.5602541195155847,0.6282824698367636,Logistic regression
0.11,0.40531945649031514,0.9371657754010695,0.5031400966183575,0.5658930373360241,0.6137331440738112,Logistic regression
0.12000000000000001,0.41169521559362077,0.9318181818181818,0.518840579710145,0.5710774272839,0.6007806955287438,Logistic regression
0.13,0.4192865779927449,0.9271390374331551,0.5359903381642512,0.577435470441299,0.5869410929737402,Logistic regression
0.14,0.42688971499380424,0.9211229946524064,0.5531400966183575,0.5834038950042337,0.5727466288147622,Logistic regression
0.15000000000000002,0.4360687022900763,0.9164438502673797,0.5717391304347826,0.5909482758620689,0.5578424414478353,Logistic regression
0.16,0.4426283099051978,0.9050802139037433,0.5881642512077294,0.5945115257958288,0.5427608232789212,Logistic regression
0.16999999999999998,0.44873949579831934,0.892379679144385,0.6038647342995169,0.5971818385148736,0.5278566359119943,Logistic regression
0.18,0.4543575611436445,0.8816844919786097,0.6173913043478261,0.5996817458513298,0.5150816181689141,Logistic regression
0.19,0.4621669626998224,0.8696524064171123,0.6342995169082125,0.6035722570169334,0.4994677075940383,Logistic regression
0.2,0.47019867549668876,0.8542780748663101,0.6521739130434783,0.6065495965828192,0.4822569198012775,Logistic regression
0.21000000000000002,0.47606483226535995,0.8442513368983957,0.6642512077294686,0.60882140274765,0.47072391767210786,Logistic regression
0.22000000000000003,0.4862028760202099,0.8362299465240641,0.6806763285024154,0.6148930941263209,0.4565294535131299,Logistic regression
0.22999999999999998,0.49280575539568344,0.8241978609625669,0.6934782608695652,0.616808404202101,0.4439318665720369,Logistic regression
0.24,0.4981489099136158,0.8094919786096256,0.7053140096618358,0.6167557932263815,0.43133427963094395,Logistic regression
0.25,0.5046413502109705,0.7994652406417112,0.7164251207729468,0.618727366787377,0.4205110007097232,Logistic regression
0.26,0.5145715528490649,0.7907754010695187,0.7304347826086957,0.6234519104084322,0.4079134137686302,Logistic regression
0.27,0.5219141323792487,0.7800802139037433,0.7417874396135266,0.6254019292604501,0.39673527324343505,Logistic regression
0.28,0.5263157894736842,0.7687165775401069,0.75,0.6248302091822874,0.38768630234208656,Logistic regression
0.29,0.5297702766057196,0.7553475935828877,0.7577294685990338,0.6227610912096996,0.3784599006387509,Logistic regression
0.3,0.5361271676300579,0.7439839572192514,0.7673913043478261,0.6231802911534154,0.3683463449254791,Logistic regression
0.31,0.541871921182266,0.7352941176470589,0.7753623188405797,0.6239364719228587,0.3601845280340667,Logistic regression
0.32,0.5477031802120141,0.7252673796791443,0.7835748792270532,0.6241012366983031,0.3514904187366927,Logistic regression
0.33,0.5553830227743272,0.7172459893048129,0.792512077294686,0.6260210035005834,0.34279630943931866,Logistic regression
0.33999999999999997,0.5604044704630122,0.7038770053475936,0.8004830917874396,0.624,0.33339247693399576,Logistic regression
0.35,0.5652173913043478,0.6951871657754011,0.8067632850241546,0.6235011990407674,0.32647267565649396,Logistic regression
0.36,0.5697674418604651,0.6878342245989305,0.8123188405797102,0.6232586311326469,0.3204400283889283,Logistic regression
0.37,0.5731292517006803,0.6758021390374331,0.8181159420289855,0.6202453987730061,0.3129879347054649,Logistic regression
0.38,0.577259475218659,0.6617647058823529,0.8248792270531401,0.6166303332295235,0.30429382540809086,Logistic regression
0.39,0.5846338535414166,0.6510695187165776,0.8328502415458937,0.6160657811511702,0.29559971611071684,Logistic regression
0.4,0.5941939468807906,0.643048128342246,0.841304347826087,0.6176565008025682,0.2872604684173172,Logistic regression
0.41,0.5987301587301588,0.6303475935828877,0.8473429951690822,0.6141322044936502,0.27945351312987937,Logistic regression
0.42,0.6061197916666666,0.6223262032085561,0.8538647342995169,0.6141160949868073,0.27253371185237757,Logistic regression
0.43,0.6109260493004663,0.6129679144385026,0.8589371980676328,0.6119452786119453,0.2663236337828247,Logistic regression
0.44,0.6168032786885246,0.6036096256684492,0.8644927536231884,0.6101351351351351,0.25975869410929736,Logistic regression
0.45,0.623330990864371,0.5929144385026738,0.8705314009661835,0.6077423775265502,0.25248403122782115,Logistic regression
0.46,0.6282608695652174,0.5795454545454546,0.8760869565217392,0.6029207232267038,0.24485450674237047,Logistic regression
0.47,0.6301267710663684,0.5648395721925134,0.8801932367149758,0.5956996827634825,0.2379347054648687,Logistic regression
0.48,0.6365740740740741,0.5514705882352942,0.886231884057971,0.5909742120343839,0.22995031937544358,Logistic regression
0.49,0.6428571428571429,0.5414438502673797,0.8913043478260869,0.5878084179970973,0.22356281050390348,Logistic regression
0.5,0.6503667481662592,0.5334224598930482,0.8963768115942029,0.5861182519280206,0.21770759403832504,Logistic regression
0.51,0.653232577665827,0.5200534759358288,0.9002415458937199,0.5790844808336434,0.21132008516678497,Logistic regression
0.52,0.6569468267581475,0.5120320855614974,0.9033816425120773,0.5755071374906087,0.20688431511710434,Logistic regression
0.53,0.6675579322638147,0.5006684491978609,0.909903381642512,0.5721925133689839,0.19907735982966643,Logistic regression
0.54,0.6716141001855288,0.4839572192513369,0.9144927536231884,0.5625485625485626,0.19127040454222852,Logistic regression
0.55,0.6809338521400778,0.4679144385026738,0.9207729468599034,0.5546751188589539,0.1823988644428673,Logistic regression
0.56,0.6854838709677419,0.45454545454545453,0.9246376811594202,0.5466237942122186,0.1760113555713272,Logistic regression
0.5700000000000001,0.6874340021119324,0.43516042780748665,0.9285024154589372,0.5329512893982807,0.16802696948190207,Logistic regression
0.5800000000000001,0.6902654867256637,0.41711229946524064,0.9323671497584541,0.5199999999999999,0.1603974449964514,Logistic regression
0.5900000000000001,0.6974595842956121,0.4037433155080214,0.9367149758454106,0.5114309906858594,0.15365507452093682,Logistic regression
0.6000000000000001,0.6975903614457831,0.3870320855614973,0.9393719806763285,0.49785038693035255,0.14726756564939675,Logistic regression
0.6100000000000001,0.7097186700767263,0.3709893048128342,0.9451690821256039,0.4872695346795435,0.13875088715400993,Logistic regression
0.6200000000000001,0.7204884667571235,0.3549465240641711,0.9502415458937198,0.4755933721450963,0.13076650106458482,Logistic regression
0.63,0.7196531791907514,0.33288770053475936,0.9531400966183575,0.4552102376599635,0.12278211497515969,Logistic regression
0.64,0.7288135593220338,0.3161764705882353,0.957487922705314,0.44102564102564096,0.11515259048970901,Logistic regression
0.65,0.7391304347826086,0.3068181818181818,0.9608695652173913,0.4336324988190836,0.11018452803406671,Logistic regression
0.66,0.7548161120840631,0.28810160427807485,0.966183574879227,0.41702951136913397,0.10131298793470546,Logistic regression
0.67,0.7590132827324478,0.26737967914438504,0.9693236714975846,0.39545229856648545,0.09350603264726756,Logistic regression
0.68,0.7657841140529531,0.25133689839572193,0.9722222222222222,0.3784599899345748,0.08711852377572747,Logistic regression
0.6900000000000001,0.7668161434977578,0.2286096256684492,0.9748792270531401,0.3522142121524202,0.07913413768630234,Logistic regression
0.7000000000000001,0.7741116751269036,0.2038770053475936,0.9785024154589372,0.3227513227513228,0.06990773598296664,Logistic regression
0.7100000000000001,0.7908309455587392,0.18449197860962566,0.9823671497584541,0.2991869918699187,0.06192334989354152,Logistic regression
0.7200000000000001,0.7904761904761904,0.16644385026737968,0.9840579710144928,0.27498619547211484,0.05589070262597587,Logistic regression
0.7300000000000001,0.8248175182481752,0.15106951871657753,0.9884057971014493,0.25536723163841807,0.04861603974449964,Logistic regression
0.7400000000000001,0.8354978354978355,0.12901069518716576,0.9908212560386473,0.22350897510133175,0.04098651525904897,Logistic regression
0.7500000000000001,0.845360824742268,0.10962566844919786,0.9927536231884058,0.19408284023668637,0.03442157558552165,Logistic regression
0.76,0.8523489932885906,0.08489304812834225,0.9946859903381643,0.15440729483282675,0.02643718949609652,Logistic regression
0.77,0.8461538461538461,0.07352941176470588,0.9951690821256038,0.13530135301353013,0.023066004258339247,Logistic regression
0.78,0.8411214953271028,0.06016042780748663,0.9958937198067633,0.1122894572676232,0.018985095812633072,Logistic regression
0.79,0.8589743589743589,0.04478609625668449,0.9973429951690821,0.08513341804320203,0.013839602555003548,Logistic regression
0.8,0.8888888888888888,0.03208556149732621,0.9985507246376811,0.06193548387096775,0.00958126330731015,Logistic regression
0.81,0.8947368421052632,0.022727272727272728,0.9990338164251208,0.04432855280312908,0.00674237047551455,Logistic regression
0.8200000000000001,0.90625,0.019385026737967916,0.9992753623188406,0.03795811518324608,0.0056777856635912,Logistic regression
0.8300000000000001,0.9523809523809523,0.013368983957219251,0.9997584541062802,0.026367831245880023,0.0037260468417317245,Logistic regression
0.8400000000000001,1,0.0066844919786096255,1,0.013280212483399735,0.0017743080198722497,Logistic regression
0.8500000000000001,1,0.004679144385026738,1,0.009314703925482368,0.001242015613910575,Logistic regression
0.8600000000000001,1,0.002005347593582888,1,0.004002668445630421,5.322924059616749e-4,Logistic regression
0.8700000000000001,NA,0,1,NA,0,Logistic regression
0.8800000000000001,NA,0,1,NA,0,Logistic regression
0.89,NA,0,1,NA,0,Logistic regression
0.9,NA,0,1,NA,0,Logistic regression
0.91,NA,0,1,NA,0,Logistic regression
0.92,NA,0,1,NA,0,Logistic regression
0.93,NA,0,1,NA,0,Logistic regression
0.9400000000000001,NA,0,1,NA,0,Logistic regression
0.95,NA,0,1,NA,0,Logistic regression
0.05,0.32837807854448636,0.9893048128342246,0.2688405797101449,0.49308678993836413,0.799680624556423,Random forest
0.060000000000000005,0.3365231259968102,0.9872994652406417,0.2966183574879227,0.5019541206457094,0.7787437899219305,Random forest
0.07,0.34464202152550305,0.9846256684491979,0.3234299516908213,0.5105719237435009,0.7583392476933996,Random forest
0.08,0.3542017818444498,0.9832887700534759,0.3521739130434783,0.5208001416179855,0.7368701206529453,Random forest
0.09,0.3617021276595745,0.9772727272727273,0.37681159420289856,0.5279884434814013,0.7171753016323634,Random forest
0.1,0.3699363057324841,0.9705882352941176,0.4026570048309179,0.5356945213060321,0.696415897799858,Random forest
0.11,0.37849235635213496,0.9598930481283422,0.43043478260869567,0.5429111531190925,0.6731724627395316,Random forest
0.12000000000000001,0.3870967741935484,0.946524064171123,0.45845410628019323,0.5494761350407451,0.649041873669269,Random forest
0.13,0.39419554804170187,0.9351604278074866,0.4806763285024155,0.5546085232903865,0.6297019162526615,Random forest
0.14,0.4053030303030303,0.9298128342245989,0.5070048309178744,0.5645292207792207,0.6089425124201562,Random forest
0.15000000000000002,0.415213469633193,0.9231283422459893,0.5301932367149759,0.572791372874326,0.5901348474095103,Random forest
0.16,0.42220172201722017,0.9177807486631016,0.5461352657004831,0.5783487784330243,0.5770049680624556,Random forest
0.16999999999999998,0.4318757921419518,0.911096256684492,0.5669082125603865,0.5859845227858985,0.559971611071682,Random forest
0.18,0.439843495272253,0.9017379679144385,0.585024154589372,0.5912776682007451,0.544180269694819,Random forest
0.19,0.44865771812080535,0.8937165775401069,0.6031400966183574,0.597408400357462,0.5287437899219305,Random forest
0.2,0.4578146611341632,0.8850267379679144,0.621256038647343,0.6034639927073838,0.5131298793470547,Random forest
0.21000000000000002,0.46552949538024163,0.8756684491978609,0.6367149758454106,0.6078886310904872,0.4992902767920511,Random forest
0.22000000000000003,0.476697247706422,0.8683155080213903,0.6555555555555556,0.6154939587775409,0.48349893541518807,Random forest
0.22999999999999998,0.48449319213313163,0.8562834224598931,0.6707729468599034,0.618840579710145,0.4691270404542229,Random forest
0.24,0.4890625,0.8368983957219251,0.6840579710144927,0.6173570019723866,0.45422285308729593,Random forest
0.25,0.49818034775576225,0.8235294117647058,0.7002415458937198,0.6208112874779541,0.4387863733144074,Random forest
0.26,0.5062814070351759,0.8081550802139037,0.7152173913043478,0.6225540679711637,0.4237047551454933,Random forest
0.27,0.5158488927485888,0.7941176470588235,0.7306763285024155,0.6254277441431956,0.40862313697657915,Random forest
0.28,0.5239587998208688,0.7820855614973262,0.7432367149758454,0.6275140788415126,0.3962029808374734,Random forest
0.29,0.5351782363977486,0.7627005347593583,0.7606280193236715,0.6289966923925028,0.37828246983676367,Random forest
0.3,0.5451895043731778,0.75,0.7739130434782608,0.6314012380416432,0.365152590489709,Random forest
0.31,0.5543259557344065,0.7366310160427807,0.7859903381642512,0.6326061997703789,0.35273243435060325,Random forest
0.32,0.5618153364632238,0.7199197860962567,0.7971014492753623,0.6311163199531205,0.3401348474095103,Random forest
0.33,0.5690399137001079,0.7052139037433155,0.8070048309178744,0.6298507462686567,0.3289567068843151,Random forest
0.33999999999999997,0.5731981981981982,0.68048128342246,0.8169082125603865,0.6222493887530562,0.31511710432931156,Random forest
0.35,0.585081585081585,0.6711229946524064,0.8280193236714976,0.6251556662515566,0.3044712562100781,Random forest
0.36,0.5899581589958159,0.6597593582887701,0.8342995169082126,0.6229094351530452,0.2968417317246274,Random forest
0.37,0.5988909426987061,0.6497326203208557,0.8427536231884057,0.6232766912471945,0.28797019162526616,Random forest
0.38,0.6091954022988506,0.6377005347593583,0.8521739130434782,0.6231221423905944,0.27785663591199433,Random forest
0.39,0.6180144641683103,0.6283422459893048,0.8596618357487923,0.6231355651309248,0.2698722498225692,Random forest
0.4,0.6250847457627119,0.6163101604278075,0.8664251207729469,0.6206664422753282,0.26171043293115687,Random forest
0.41,0.6282140375260598,0.6042780748663101,0.8707729468599034,0.6160136286201023,0.25532292405961676,Random forest
0.42,0.6368834882058614,0.5955882352941176,0.8772946859903382,0.6155440414507773,0.24822569198012776,Random forest
0.43,0.6394160583941606,0.5855614973262032,0.8806763285024155,0.6113049546406141,0.24308019872249823,Random forest
0.44,0.6491359879789632,0.5775401069518716,0.8871980676328503,0.6112486735054828,0.23616039744499645,Random forest
0.45,0.6550657385924207,0.5661764705882353,0.8922705314009662,0.6073861599139475,0.2294180269694819,Random forest
0.46,0.6589271417133707,0.5501336898395722,0.8971014492753623,0.5996357012750456,0.221611071682044,Random forest
0.47,0.6605504587155964,0.5294117647058824,0.9016908212560386,0.5877551020408164,0.21273953158268274,Random forest
0.48,0.6669565217391304,0.5127005347593583,0.907487922705314,0.5797430083144368,0.20404542228530873,Random forest
0.49,0.6675651392632524,0.4966577540106952,0.9106280193236715,0.5695668838635493,0.19748048261178142,Random forest
0.5,0.6703806870937791,0.48262032085561496,0.9142512077294686,0.5612125923047027,0.1910929737402413,Random forest
0.51,0.6785370548604427,0.4712566844919786,0.9193236714975845,0.5562130177514792,0.18435060326472677,Random forest
0.52,0.6817724068479355,0.45254010695187163,0.923671497584541,0.5439935717155484,0.17618878637331442,Random forest
0.53,0.691160809371672,0.4338235294117647,0.9299516908212561,0.5330595482546201,0.16660752306600426,Random forest
0.54,0.6923076923076923,0.4090909090909091,0.9342995169082126,0.5142857142857142,0.15684882895670688,Random forest
0.55,0.6970414201183432,0.39371657754010697,0.9381642512077295,0.5032037590773174,0.1499290276792051,Random forest
0.56,0.6983930778739185,0.37767379679144386,0.9410628019323671,0.49023861171366595,0.143541518807665,Random forest
0.5700000000000001,0.7072847682119205,0.356951871657754,0.9466183574879227,0.47445579742336735,0.13396025550035487,Random forest
0.5800000000000001,0.7204450625869263,0.3462566844919786,0.9514492753623188,0.46772009029345374,0.12757274662881476,Random forest
0.5900000000000001,0.7202380952380952,0.3235294117647059,0.9545893719806763,0.44649446494464945,0.11923349893541518,Random forest
0.6000000000000001,0.7277147487844409,0.30013368983957217,0.9594202898550724,0.42498816848083293,0.10947480482611781,Random forest
0.6100000000000001,0.7385398981324278,0.2907754010695187,0.9628019323671497,0.4172661870503597,0.10450674237047551,Random forest
0.6200000000000001,0.7517985611510791,0.27941176470588236,0.9666666666666667,0.4074074074074074,0.09865152590489709,Random forest
0.63,0.7634615384615384,0.26537433155080214,0.9702898550724638,0.39384920634920634,0.09226401703335699,Random forest
0.64,0.7693877551020408,0.2520053475935829,0.9727053140096619,0.37965760322255787,0.08694109297374024,Random forest
0.65,0.7928730512249443,0.23796791443850268,0.9775362318840579,0.3660668380462725,0.07966643009226401,Random forest
0.66,0.8117359413202934,0.22192513368983957,0.9814009661835749,0.3485564304461942,0.07256919801277502,Random forest
0.67,0.8257372654155496,0.20588235294117646,0.9842995169082126,0.3295880149812734,0.06618168914123491,Random forest
0.68,0.8233618233618234,0.19318181818181818,0.985024154589372,0.3129399025446671,0.062278211497515966,Random forest
0.6900000000000001,0.8354037267080745,0.17981283422459893,0.9871980676328502,0.29592959295929594,0.05713271823988644,Random forest
0.7000000000000001,0.8451178451178452,0.1677807486631016,0.9888888888888889,0.2799776910206358,0.05269694819020582,Random forest
0.7100000000000001,0.855072463768116,0.15775401069518716,0.9903381642512077,0.26636568848758463,0.048970901348474094,Random forest
0.7200000000000001,0.864,0.1443850267379679,0.9917874396135266,0.24742268041237112,0.04435770049680625,Random forest
0.7300000000000001,0.8654708520179372,0.12901069518716576,0.9927536231884058,0.22454915648632923,0.03956706884315117,Random forest
0.7400000000000001,0.8526315789473684,0.10828877005347594,0.9932367149758454,0.19217081850533807,0.033711852377572744,Random forest
0.7500000000000001,0.8411764705882353,0.09558823529411764,0.9934782608695653,0.17166866746698678,0.030163236337828248,Random forest
0.76,0.8541666666666666,0.08221925133689839,0.994927536231884,0.15,0.0255500354861604,Random forest
0.77,0.8629032258064516,0.07152406417112299,0.9958937198067633,0.13209876543209875,0.0220014194464159,Random forest
0.78,0.8839285714285714,0.0661764705882353,0.9968599033816425,0.12313432835820896,0.0198722498225692,Random forest
0.79,0.8762886597938144,0.056818181818181816,0.9971014492753624,0.10671688637790332,0.017210787792760824,Random forest
0.8,0.8588235294117647,0.04879679144385027,0.9971014492753624,0.09234661606578114,0.015081618168914124,Random forest
0.81,0.8591549295774648,0.04077540106951872,0.9975845410628019,0.0778557753669432,0.012597586941092974,Random forest
0.8200000000000001,0.8275862068965517,0.03208556149732621,0.9975845410628019,0.06177606177606178,0.01029098651525905,Random forest
0.8300000000000001,0.7714285714285715,0.01804812834224599,0.9980676328502416,0.03527106466361855,0.006210078069552875,Random forest
0.8400000000000001,0.7,0.009358288770053475,0.9985507246376811,0.01846965699208443,0.0035486160397444995,Random forest
0.8500000000000001,0.8571428571428571,0.004010695187165776,0.9997584541062802,0.007984031936127746,0.001242015613910575,Random forest
0.8600000000000001,NA,0,1,NA,0,Random forest
0.8700000000000001,NA,0,1,NA,0,Random forest
0.8800000000000001,NA,0,1,NA,0,Random forest
0.89,NA,0,1,NA,0,Random forest
0.9,NA,0,1,NA,0,Random forest
0.91,NA,0,1,NA,0,Random forest
0.92,NA,0,1,NA,0,Random forest
0.93,NA,0,1,NA,0,Random forest
0.9400000000000001,NA,0,1,NA,0,Random forest
0.95,NA,0,1,NA,0,Random forest
