variable,week1_measure,week1_value,lr_level,lr_odds_ratio,lr_ci_low,lr_ci_high,lr_p,rf_importance,rf_rank
tenure,Point-biserial r,-0.3522,(per month),0.9657717746893568,0.960779782642965,0.9707230555692418,3.808128264570178e-40,0.02997480640925103,1
TotalCharges,Point-biserial r,-0.1983,NA,NA,NA,NA,NA,0.02211291238486681,2
InternetService,Cramer's V,0.32245455521230887,Fiber optic,2.350670279410231,1.9246759881722928,2.8769787965869864,7.61597843392195e-17,0.02112266668069877,3
MonthlyCharges,Point-biserial r,0.1934,NA,NA,NA,NA,NA,0.01699878033469819,4
Contract,Cramer's V,0.4101156965761409,Two year,0.24916643681413056,0.16659539561247427,0.3635306129966939,2.593033331155302e-12,0.01265515516435813,5
TechSupport,Cramer's V,0.3429161982469257,Yes,0.6580308244317062,0.5457632041461867,0.7923024486485876,1.0698594736838104e-5,0.00291132987064492,6
PaymentMethod,Cramer's V,0.3033586255540706,Electronic check,1.3721818666003434,1.1157147900808575,1.690033695332809,0.0028088001533662,0.00277515957953355,7
OnlineSecurity,Cramer's V,0.3474004326740551,Yes,0.707619053172247,0.5876977737059939,0.8509139747385762,2.4783738022550873e-4,0.00228865047371458,8
PaperlessBilling,Cramer's V,0.1918253316664679,Yes,1.414844214063367,1.2025750231944423,1.6655028176743456,2.940900123797054e-5,0.00188597111237377,9
StreamingMovies,Cramer's V,0.230950809069268,Yes,1.314920930776826,1.102910432178373,1.5685255165283485,0.002304084223959,0.00172134333572481,10
StreamingTV,Cramer's V,0.23050233844668092,Yes,1.300737825725008,1.0920449249213282,1.550068807968739,0.00324632107846618,0.00150821152657046,11
MultipleLines,Cramer's V,0.04010925283378871,Yes,1.2954100354345,1.0914788308739651,1.537841991125775,0.00307765302799657,0.00142588898235874,12
SeniorCitizen,Cramer's V,0.1508893281764731,Yes,1.282706968660768,1.0635835934675706,1.5467649645010062,0.00914654941871098,0.00117513989256376,13
OnlineBackup,Cramer's V,0.2923155121954445,Yes,0.8959891120389921,0.758871445238909,1.0579979964579886,0.19502410892569907,7.996628766307679e-4,14
Dependents,Cramer's V,0.16422140157972526,Yes,0.8173667760343504,0.6710224098603488,0.99436075728563,0.04436463642290884,6.72175387558108e-4,15
DeviceProtection,Cramer's V,0.281579732968073,Yes,1.0448084424260702,0.8802488818902602,1.2405055558176716,0.6163959405232804,6.190965015324789e-4,16
PhoneService,Cramer's V,0.01194198002900307,Yes,0.650662869621323,0.492177787506585,0.8617635055164605,0.00262114503965412,4.593335792302589e-4,17
Partner,Cramer's V,0.15044754495917653,Yes,0.9974054725396736,0.8407393024227187,1.183528110277924,0.976238029406543,3.6124523039515256e-4,18
gender,Cramer's V,0.00861209507899782,Male,0.9537802280306515,0.8276089688403695,1.09915030352026,0.5132080278893776,-5.453988213089067e-6,19
