risk_decile,customers,churners,churn_rate,mean_predicted,cumulative_share_of_churners,lift
1,141,104,0.7375886524822695,0.7459728871533584,0.27882037533512066,2.782271404939821
2,141,95,0.6737588652482269,0.6079228206444237,0.5335120643431636,2.541497917973875
3,141,54,0.3829787234042553,0.478031398624103,0.67828418230563,1.4446409217956764
4,141,55,0.3900709219858156,0.3521696029175929,0.8257372654155496,1.4713935314585593
5,141,19,0.1347517730496454,0.24289192964961612,0.8766756032171582,0.508299583594775
6,141,23,0.16312056737588654,0.16149103802553944,0.938337801608579,0.6153100222463066
7,141,11,0.07801418439716312,0.09522051729684679,0.967828418230563,0.2942787062917118
8,140,5,0.03571428571428571,0.04800361978898229,0.9812332439678284,0.13471849865951743
9,140,5,0.03571428571428571,0.02202694348145786,0.9946380697050938,0.13471849865951743
10,140,2,0.014285714285714285,0.008554811416804324,1,0.053887399463806974
